Computer Name, IP Address, Room Number
arlen0xtkpiq45ulaey,183.70.133.223,6456
jetta0xtkpiq45ulaey,39.85.11.104,2313
jetta3txezkgnibq,18.38.157.20,7685
jetta4e_bgafopwm,190.8.141.145,1569
jetta93ozumvjfs,203.196.189.93,1234
jettaezu6yn4xgma0i,210.9.63.152,5646
jettaj4racy6kbml,170.252.218.110,1321
jettau.wxkejt6l0,196.33.239.107,1321
jettaz170b9ekl4,228.98.191.157,1312
jettazx1fn0q2rc,2.68.47.31,6546
