Room,IP Address,Computer Name
2313,39.85.11.104,jetta0xtkpiq45ulaey
1321,170.252.218.110,jettaj4racy6kbml
1312,228.98.191.157,jettaz170b9ekl4
1321,196.33.239.107,jettau.wxkejt6l0
1234,203.196.189.93,jetta93ozumvjfs
1569,190.8.141.145,jetta4e_bgafopwm
7685,18.38.157.20,jetta3txezkgnibq
5646,210.9.63.152,jettaezu6yn4xgma0i
6546,2.68.47.31,jettazx1fn0q2rc
6456,183.70.133.223,arlen0xtkpiq45ulaey
